trading_day,network_region,energy_v2,market_value,energy_v3
2005-04-01,NSW1,0.0,0.0,
2005-05-01,NSW1,0.0,0.0,
2005-06-01,NSW1,0.0,0.0,
2005-07-01,NSW1,0.0,0.0,
2005-08-01,NSW1,0.0,0.0,
2005-09-01,NSW1,0.0,0.0,
2005-10-01,NSW1,0.0,0.0,
2005-11-01,NSW1,0.0,0.0,
2005-12-01,NSW1,0.0,0.0,
2006-01-01,NSW1,0.0,0.0,
2006-02-01,NSW1,0.0,0.0,
2006-03-01,NSW1,0.0,0.0,
2006-04-01,NSW1,0.0,0.0,
2006-05-01,NSW1,0.0,0.0,
2006-06-01,NSW1,0.0,0.0,
2006-07-01,NSW1,0.0,0.0,
2006-08-01,NSW1,0.0,0.0,
2006-09-01,NSW1,0.0,0.0,
2006-10-01,NSW1,0.0,0.0,
2006-11-01,NSW1,0.0,0.0,
2006-12-01,NSW1,0.0,0.0,
2007-01-01,NSW1,0.00345,0.0,
2007-02-01,NSW1,0.007991,0.0,
2007-03-01,NSW1,0.01133,0.0,
2007-04-01,NSW1,0.01486,0.0,
2007-05-01,NSW1,0.01734,0.0,
2007-06-01,NSW1,0.01759,0.0,
2007-07-01,NSW1,0.02638,0.0,
2007-08-01,NSW1,0.03709,0.0,
2007-09-01,NSW1,0.08652,0.0,
2007-10-01,NSW1,0.1044,0.0,
2007-11-01,NSW1,0.1396,0.0,
2007-12-01,NSW1,0.182,0.0,
2008-01-01,NSW1,0.2191,0.0,
2008-02-01,NSW1,0.2216,0.0,
2008-03-01,NSW1,0.221,0.0,
2008-04-01,NSW1,0.2357,0.0,
2008-05-01,NSW1,0.2326,0.0,
2008-06-01,NSW1,0.1999,0.0,
2008-07-01,NSW1,0.2315,0.0,
2008-08-01,NSW1,0.2654,0.0,
2008-09-01,NSW1,0.5126,0.0,
2008-10-01,NSW1,0.5415,0.0,
2008-11-01,NSW1,0.6615,0.0,
2008-12-01,NSW1,0.8054,0.0,
2009-01-01,NSW1,0.8824,0.0,
2009-02-01,NSW1,0.8701,0.0,
2009-03-01,NSW1,0.8639,0.0,
2009-04-01,NSW1,0.9234,0.0,
2009-05-01,NSW1,0.9024,0.0,
2009-06-01,NSW1,0.7851,0.0,
2009-07-01,NSW1,0.9052,0.0,
2009-08-01,NSW1,1.064,0.0,
2009-09-01,NSW1,2.119,0.0,
2009-10-01,NSW1,2.294,0.0,
2009-11-01,NSW1,2.924,0.0,
2009-12-01,NSW1,3.529,0.0,
2010-01-01,NSW1,3.876,0.0,
2010-02-01,NSW1,3.864,0.0,
2010-03-01,NSW1,3.992,0.0,
2010-04-01,NSW1,4.443,0.0,
2010-05-01,NSW1,4.665,0.0,
2010-06-01,NSW1,4.547,0.0,
2010-07-01,NSW1,5.702,0.0,
2010-08-01,NSW1,7.056,0.0,
2010-09-01,NSW1,14.48,0.0,
2010-10-01,NSW1,16.1,0.0,
2010-11-01,NSW1,20.94,0.0,
2010-12-01,NSW1,24.71,0.0,
2011-01-01,NSW1,28.29,0.0,
2011-02-01,NSW1,27.85,0.0,
2011-03-01,NSW1,27.15,0.0,
2011-04-01,NSW1,27.84,0.0,
2011-05-01,NSW1,26.8,0.0,
2011-06-01,NSW1,23.35,0.0,
2011-07-01,NSW1,24.53,0.0,
2011-08-01,NSW1,25.7,0.0,
2011-09-01,NSW1,45.06,0.0,
2011-10-01,NSW1,43.24,0.0,
2011-11-01,NSW1,48.81,0.0,
2011-12-01,NSW1,53.08,0.0,
2012-01-01,NSW1,53.34,0.0,
2012-02-01,NSW1,47.26,0.0,
2012-03-01,NSW1,41.74,0.0,
2012-04-01,NSW1,39.95,0.0,
2012-05-01,NSW1,36.22,0.0,
2012-06-01,NSW1,30.34,0.0,
2012-07-01,NSW1,31.92,0.0,
2012-08-01,NSW1,33.62,0.0,
2012-09-01,NSW1,59.37,0.0,
2012-10-01,NSW1,57.43,0.0,
2012-11-01,NSW1,65.44,0.0,
2012-12-01,NSW1,73.05,0.0,
2013-01-01,NSW1,73.94,0.0,
2013-02-01,NSW1,65.89,0.0,
2013-03-01,NSW1,58.21,0.0,
2013-04-01,NSW1,55.53,0.0,
2013-05-01,NSW1,49.31,0.0,
2013-06-01,NSW1,39.21,0.0,
2013-07-01,NSW1,41.36,0.0,
2013-08-01,NSW1,43.65,0.0,
2013-09-01,NSW1,77.19,0.0,
2013-10-01,NSW1,74.57,0.0,
2013-11-01,NSW1,84.33,0.0,
2013-12-01,NSW1,92.05,0.0,
2014-01-01,NSW1,92.71,0.0,
2014-02-01,NSW1,82.14,0.0,
2014-03-01,NSW1,72.31,0.0,
2014-04-01,NSW1,68.87,0.0,
2014-05-01,NSW1,61.13,0.0,
2014-06-01,NSW1,48.69,0.0,
2014-07-01,NSW1,51.32,0.0,
2014-08-01,NSW1,54.04,0.0,
2014-09-01,NSW1,95.78,0.0,
2014-10-01,NSW1,92.74,0.0,
2014-11-01,NSW1,105.2,0.0,
2014-12-01,NSW1,115.0,0.0,
2015-01-01,NSW1,116.1,0.0,
2015-02-01,NSW1,103.4,0.0,
2015-03-01,NSW1,91.2,0.0,
2015-04-01,NSW1,86.69,0.0,
2015-05-01,NSW1,76.69,0.0,
2015-06-01,NSW1,60.95,0.0,
2015-07-01,NSW1,64.06,0.0,
2015-08-01,NSW1,67.23,0.0,
2015-09-01,NSW1,118.2,0.0,
2015-10-01,NSW1,113.6,0.0,
2015-11-01,NSW1,127.9,0.0,
2015-12-01,NSW1,139.1,0.0,
2016-01-01,NSW1,139.5,0.0,
2016-02-01,NSW1,123.3,0.0,
2016-03-01,NSW1,108.1,0.0,
2016-04-01,NSW1,102.6,0.0,
2016-05-01,NSW1,90.42,0.0,
2016-06-01,NSW1,71.53,0.0,
2016-07-01,NSW1,74.8,0.0,
2016-08-01,NSW1,78.28,0.0,
2016-09-01,NSW1,137.4,0.0,
2016-10-01,NSW1,131.7,0.0,
2016-11-01,NSW1,148.4,0.0,
2016-12-01,NSW1,168.4,9724481.0,
2017-01-01,NSW1,165.9,17805995.0,
2017-02-01,NSW1,146.4,31916750.0,
2017-03-01,NSW1,118.0,12267246.0,
2017-04-01,NSW1,124.1,13220264.0,
2017-05-01,NSW1,104.2,8997650.0,
2017-06-01,NSW1,81.71,6595511.0,
2017-07-01,NSW1,59.45,5021886.0,
2017-08-01,NSW1,46.08,5017349.0,
2017-09-01,NSW1,168.3,14393823.0,
2017-10-01,NSW1,159.1,13408458.0,
2017-11-01,NSW1,180.8,15437153.0,
2017-12-01,NSW1,190.9,16097820.0,
2018-01-01,NSW1,196.4,16579039.0,
2018-02-01,NSW1,175.2,13826038.0,
2018-03-01,NSW1,168.3,11507449.0,136.7
2005-04-01,QLD1,0.0,0.0,
2005-05-01,QLD1,0.0,0.0,
2005-06-01,QLD1,0.0,0.0,
2005-07-01,QLD1,0.0,0.0,
2005-08-01,QLD1,0.0,0.0,
2005-09-01,QLD1,0.0,0.0,
2005-10-01,QLD1,0.0,0.0,
2005-11-01,QLD1,0.0,0.0,
2005-12-01,QLD1,0.0,0.0,
2006-01-01,QLD1,0.0,0.0,
2006-02-01,QLD1,0.0,0.0,
2006-03-01,QLD1,0.0,0.0,
2006-04-01,QLD1,0.0,0.0,
2006-05-01,QLD1,0.0,0.0,
2006-06-01,QLD1,0.0,0.0,
2006-07-01,QLD1,0.0,0.0,
2006-08-01,QLD1,0.0,0.0,
2006-09-01,QLD1,0.0,0.0,
2006-10-01,QLD1,0.0,0.0,
2006-11-01,QLD1,0.0,0.0,
2006-12-01,QLD1,0.0,0.0,
2007-01-01,QLD1,0.001417,0.0,
2007-02-01,QLD1,0.003033,0.0,
2007-03-01,QLD1,0.003677,0.0,
2007-04-01,QLD1,0.004877,0.0,
2007-05-01,QLD1,0.004381,0.0,
2007-06-01,QLD1,0.006186,0.0,
2007-07-01,QLD1,0.009489,0.0,
2007-08-01,QLD1,0.01366,0.0,
2007-09-01,QLD1,0.03323,0.0,
2007-10-01,QLD1,0.04443,0.0,
2007-11-01,QLD1,0.06826,0.0,
2007-12-01,QLD1,0.1018,0.0,
2008-01-01,QLD1,0.1126,0.0,
2008-02-01,QLD1,0.1113,0.0,
2008-03-01,QLD1,0.1118,0.0,
2008-04-01,QLD1,0.1338,0.0,
2008-05-01,QLD1,0.1417,0.0,
2008-06-01,QLD1,0.1555,0.0,
2008-07-01,QLD1,0.1593,0.0,
2008-08-01,QLD1,0.1946,0.0,
2008-09-01,QLD1,0.3594,0.0,
2008-10-01,QLD1,0.3674,0.0,
2008-11-01,QLD1,0.5155,0.0,
2008-12-01,QLD1,0.7004,0.0,
2009-01-01,QLD1,0.7778,0.0,
2009-02-01,QLD1,0.7716,0.0,
2009-03-01,QLD1,0.8234,0.0,
2009-04-01,QLD1,0.9271,0.0,
2009-05-01,QLD1,0.9389,0.0,
2009-06-01,QLD1,1.024,0.0,
2009-07-01,QLD1,1.055,0.0,
2009-08-01,QLD1,1.306,0.0,
2009-09-01,QLD1,2.39,0.0,
2009-10-01,QLD1,2.304,0.0,
2009-11-01,QLD1,3.273,0.0,
2009-12-01,QLD1,4.257,0.0,
2010-01-01,QLD1,4.586,0.0,
2010-02-01,QLD1,4.416,0.0,
2010-03-01,QLD1,4.514,0.0,
2010-04-01,QLD1,4.987,0.0,
2010-05-01,QLD1,4.98,0.0,
2010-06-01,QLD1,5.284,0.0,
2010-07-01,QLD1,5.222,0.0,
2010-08-01,QLD1,6.362,0.0,
2010-09-01,QLD1,11.31,0.0,
2010-10-01,QLD1,10.44,0.0,
2010-11-01,QLD1,14.22,0.0,
2010-12-01,QLD1,17.71,0.0,
2011-01-01,QLD1,18.73,0.0,
2011-02-01,QLD1,17.69,0.0,
2011-03-01,QLD1,17.75,0.0,
2011-04-01,QLD1,19.32,0.0,
2011-05-01,QLD1,20.04,0.0,
2011-06-01,QLD1,22.71,0.0,
2011-07-01,QLD1,20.93,0.0,
2011-08-01,QLD1,23.59,0.0,
2011-09-01,QLD1,39.2,0.0,
2011-10-01,QLD1,33.75,0.0,
2011-11-01,QLD1,42.33,0.0,
2011-12-01,QLD1,50.51,0.0,
2012-01-01,QLD1,50.91,0.0,
2012-02-01,QLD1,46.05,0.0,
2012-03-01,QLD1,43.73,0.0,
2012-04-01,QLD1,45.99,0.0,
2012-05-01,QLD1,44.86,0.0,
2012-06-01,QLD1,47.1,0.0,
2012-07-01,QLD1,43.47,0.0,
2012-08-01,QLD1,50.25,0.0,
2012-09-01,QLD1,84.78,0.0,
2012-10-01,QLD1,73.79,0.0,
2012-11-01,QLD1,92.43,0.0,
2012-12-01,QLD1,111.4,0.0,
2013-01-01,QLD1,110.9,0.0,
2013-02-01,QLD1,97.07,0.0,
2013-03-01,QLD1,88.85,0.0,
2013-04-01,QLD1,89.83,0.0,
2013-05-01,QLD1,82.45,0.0,
2013-06-01,QLD1,80.55,0.0,
2013-07-01,QLD1,71.65,0.0,
2013-08-01,QLD1,78.26,0.0,
2013-09-01,QLD1,126.4,0.0,
2013-10-01,QLD1,106.2,0.0,
2013-11-01,QLD1,129.4,0.0,
2013-12-01,QLD1,150.5,0.0,
2014-01-01,QLD1,148.7,0.0,
2014-02-01,QLD1,129.7,0.0,
2014-03-01,QLD1,118.0,0.0,
2014-04-01,QLD1,117.9,0.0,
2014-05-01,QLD1,105.9,0.0,
2014-06-01,QLD1,99.66,0.0,
2014-07-01,QLD1,88.52,0.0,
2014-08-01,QLD1,96.77,0.0,
2014-09-01,QLD1,156.6,0.0,
2014-10-01,QLD1,131.7,0.0,
2014-11-01,QLD1,160.1,0.0,
2014-12-01,QLD1,186.3,0.0,
2015-01-01,QLD1,183.3,0.0,
2015-02-01,QLD1,158.9,0.0,
2015-03-01,QLD1,143.5,0.0,
2015-04-01,QLD1,142.3,0.0,
2015-05-01,QLD1,126.5,0.0,
2015-06-01,QLD1,118.0,0.0,
2015-07-01,QLD1,104.1,0.0,
2015-08-01,QLD1,113.2,0.0,
2015-09-01,QLD1,182.2,0.0,
2015-10-01,QLD1,152.5,0.0,
2015-11-01,QLD1,184.8,0.0,
2015-12-01,QLD1,214.2,0.0,
2016-01-01,QLD1,210.0,0.0,
2016-02-01,QLD1,181.6,0.0,
2016-03-01,QLD1,163.4,0.0,
2016-04-01,QLD1,161.6,0.0,
2016-05-01,QLD1,143.5,0.0,
2016-06-01,QLD1,133.5,0.0,
2016-07-01,QLD1,117.2,0.0,
2016-08-01,QLD1,127.5,0.0,
2016-09-01,QLD1,205.0,0.0,
2016-10-01,QLD1,171.5,0.0,
2016-11-01,QLD1,208.5,0.0,
2016-12-01,QLD1,238.2,19935872.0,
2017-01-01,QLD1,234.5,55100039.0,
2017-02-01,QLD1,229.7,65563148.0,
2017-03-01,QLD1,190.8,17965188.0,
2017-04-01,QLD1,193.1,17926598.0,
2017-05-01,QLD1,160.3,13031544.0,
2017-06-01,QLD1,151.3,10846701.0,
2017-07-01,QLD1,95.16,6533936.0,
2017-08-01,QLD1,67.09,5625688.0,
2017-09-01,QLD1,250.5,18489344.0,
2017-10-01,QLD1,201.6,14769409.0,
2017-11-01,QLD1,246.2,16465391.0,
2017-12-01,QLD1,293.8,22257787.0,
2018-01-01,QLD1,288.4,25203437.0,
2018-02-01,QLD1,218.7,17124585.0,
2018-03-01,QLD1,217.6,13768259.0,172.7
2005-04-01,VIC1,0.0,0.0,
2005-05-01,VIC1,0.0,0.0,
2005-06-01,VIC1,0.0,0.0,
2005-07-01,VIC1,0.0,0.0,
2005-08-01,VIC1,0.0,0.0,
2005-09-01,VIC1,0.0,0.0,
2005-10-01,VIC1,0.0,0.0,
2005-11-01,VIC1,0.0,0.0,
2005-12-01,VIC1,0.0,0.0,
2006-01-01,VIC1,0.0,0.0,
2006-02-01,VIC1,0.0,0.0,
2006-03-01,VIC1,0.0,0.0,
2006-04-01,VIC1,0.0,0.0,
2006-05-01,VIC1,0.0,0.0,
2006-06-01,VIC1,0.0,0.0,
2006-07-01,VIC1,0.0,0.0,
2006-08-01,VIC1,0.0,0.0,
2006-09-01,VIC1,0.0,0.0,
2006-10-01,VIC1,0.0,0.0,
2006-11-01,VIC1,0.0,0.0,
2006-12-01,VIC1,0.0,0.0,
2007-01-01,VIC1,0.003453,0.0,
2007-02-01,VIC1,0.005635,0.0,
2007-03-01,VIC1,0.01124,0.0,
2007-04-01,VIC1,0.01245,0.0,
2007-05-01,VIC1,0.01268,0.0,
2007-06-01,VIC1,0.01421,0.0,
2007-07-01,VIC1,0.01613,0.0,
2007-08-01,VIC1,0.02521,0.0,
2007-09-01,VIC1,0.06179,0.0,
2007-10-01,VIC1,0.09882,0.0,
2007-11-01,VIC1,0.1279,0.0,
2007-12-01,VIC1,0.1593,0.0,
2008-01-01,VIC1,0.1788,0.0,
2008-02-01,VIC1,0.1731,0.0,
2008-03-01,VIC1,0.1967,0.0,
2008-04-01,VIC1,0.1575,0.0,
2008-05-01,VIC1,0.1348,0.0,
2008-06-01,VIC1,0.1284,0.0,
2008-07-01,VIC1,0.1247,0.0,
2008-08-01,VIC1,0.1539,0.0,
2008-09-01,VIC1,0.3107,0.0,
2008-10-01,VIC1,0.3896,0.0,
2008-11-01,VIC1,0.4576,0.0,
2008-12-01,VIC1,0.5505,0.0,
2009-01-01,VIC1,0.6019,0.0,
2009-02-01,VIC1,0.5825,0.0,
2009-03-01,VIC1,0.6424,0.0,
2009-04-01,VIC1,0.4667,0.0,
2009-05-01,VIC1,0.3785,0.0,
2009-06-01,VIC1,0.3617,0.0,
2009-07-01,VIC1,0.3553,0.0,
2009-08-01,VIC1,0.4612,0.0,
2009-09-01,VIC1,0.9991,0.0,
2009-10-01,VIC1,1.328,0.0,
2009-11-01,VIC1,1.645,0.0,
2009-12-01,VIC1,2.06,0.0,
2010-01-01,VIC1,2.421,0.0,
2010-02-01,VIC1,2.486,0.0,
2010-03-01,VIC1,3.065,0.0,
2010-04-01,VIC1,2.451,0.0,
2010-05-01,VIC1,2.166,0.0,
2010-06-01,VIC1,2.194,0.0,
2010-07-01,VIC1,2.144,0.0,
2010-08-01,VIC1,2.714,0.0,
2010-09-01,VIC1,5.667,0.0,
2010-10-01,VIC1,7.315,0.0,
2010-11-01,VIC1,8.876,0.0,
2010-12-01,VIC1,10.56,0.0,
2011-01-01,VIC1,11.55,0.0,
2011-02-01,VIC1,10.84,0.0,
2011-03-01,VIC1,12.21,0.0,
2011-04-01,VIC1,9.126,0.0,
2011-05-01,VIC1,7.738,0.0,
2011-06-01,VIC1,8.327,0.0,
2011-07-01,VIC1,7.795,0.0,
2011-08-01,VIC1,9.709,0.0,
2011-09-01,VIC1,20.39,0.0,
2011-10-01,VIC1,24.21,0.0,
2011-11-01,VIC1,27.29,0.0,
2011-12-01,VIC1,30.75,0.0,
2012-01-01,VIC1,31.62,0.0,
2012-02-01,VIC1,28.09,0.0,
2012-03-01,VIC1,29.56,0.0,
2012-04-01,VIC1,21.07,0.0,
2012-05-01,VIC1,16.88,0.0,
2012-06-01,VIC1,16.7,0.0,
2012-07-01,VIC1,15.52,0.0,
2012-08-01,VIC1,19.01,0.0,
2012-09-01,VIC1,39.46,0.0,
2012-10-01,VIC1,47.19,0.0,
2012-11-01,VIC1,53.11,0.0,
2012-12-01,VIC1,60.59,0.0,
2013-01-01,VIC1,61.92,0.0,
2013-02-01,VIC1,53.94,0.0,
2013-03-01,VIC1,55.06,0.0,
2013-04-01,VIC1,37.82,0.0,
2013-05-01,VIC1,28.33,0.0,
2013-06-01,VIC1,25.51,0.0,
2013-07-01,VIC1,23.06,0.0,
2013-08-01,VIC1,27.47,0.0,
2013-09-01,VIC1,53.07,0.0,
2013-10-01,VIC1,63.35,0.0,
2013-11-01,VIC1,71.06,0.0,
2013-12-01,VIC1,79.51,0.0,
2014-01-01,VIC1,81.11,0.0,
2014-02-01,VIC1,70.67,0.0,
2014-03-01,VIC1,72.17,0.0,
2014-04-01,VIC1,49.41,0.0,
2014-05-01,VIC1,37.01,0.0,
2014-06-01,VIC1,33.25,0.0,
2014-07-01,VIC1,30.1,0.0,
2014-08-01,VIC1,35.86,0.0,
2014-09-01,VIC1,69.5,0.0,
2014-10-01,VIC1,82.97,0.0,
2014-11-01,VIC1,92.84,0.0,
2014-12-01,VIC1,103.8,0.0,
2015-01-01,VIC1,105.7,0.0,
2015-02-01,VIC1,91.69,0.0,
2015-03-01,VIC1,93.06,0.0,
2015-04-01,VIC1,63.34,0.0,
2015-05-01,VIC1,46.91,0.0,
2015-06-01,VIC1,41.95,0.0,
2015-07-01,VIC1,37.67,0.0,
2015-08-01,VIC1,44.62,0.0,
2015-09-01,VIC1,85.73,0.0,
2015-10-01,VIC1,101.5,0.0,
2015-11-01,VIC1,112.7,0.0,
2015-12-01,VIC1,125.2,0.0,
2016-01-01,VIC1,126.5,0.0,
2016-02-01,VIC1,109.3,0.0,
2016-03-01,VIC1,110.4,0.0,
2016-04-01,VIC1,75.02,0.0,
2016-05-01,VIC1,55.48,0.0,
2016-06-01,VIC1,49.41,0.0,
2016-07-01,VIC1,44.17,0.0,
2016-08-01,VIC1,52.12,0.0,
2016-09-01,VIC1,99.93,0.0,
2016-10-01,VIC1,117.9,0.0,
2016-11-01,VIC1,130.9,0.0,
2016-12-01,VIC1,151.7,5301370.0,
2017-01-01,VIC1,151.9,12362634.0,
2017-02-01,VIC1,133.1,14277052.0,
2017-03-01,VIC1,133.1,14592150.0,
2017-04-01,VIC1,87.52,9709030.0,
2017-05-01,VIC1,71.65,7618897.0,
2017-06-01,VIC1,59.16,5567250.0,
2017-07-01,VIC1,36.37,4309114.0,
2017-08-01,VIC1,30.17,3382578.0,
2017-09-01,VIC1,107.2,8130701.0,
2017-10-01,VIC1,140.1,10655883.0,
2017-11-01,VIC1,156.5,17188182.0,
2017-12-01,VIC1,168.4,15233192.0,
2018-01-01,VIC1,172.5,33544977.0,
2018-02-01,VIC1,146.6,13133115.0,
2018-03-01,VIC1,150.7,11879859.0,116.4
2005-04-01,TAS1,0.0,0.0,
2005-05-01,TAS1,0.0,0.0,
2005-06-01,TAS1,0.0,0.0,
2005-07-01,TAS1,0.0,0.0,
2005-08-01,TAS1,0.0,0.0,
2005-09-01,TAS1,0.0,0.0,
2005-10-01,TAS1,0.0,0.0,
2005-11-01,TAS1,0.0,0.0,
2005-12-01,TAS1,0.0,0.0,
2006-01-01,TAS1,0.0,0.0,
2006-02-01,TAS1,0.0,0.0,
2006-03-01,TAS1,0.0,0.0,
2006-04-01,TAS1,0.0,0.0,
2006-05-01,TAS1,0.0,0.0,
2006-06-01,TAS1,0.0,0.0,
2006-07-01,TAS1,0.0,0.0,
2006-08-01,TAS1,0.0,0.0,
2006-09-01,TAS1,0.0,0.0,
2006-10-01,TAS1,0.0,0.0,
2006-11-01,TAS1,0.0,0.0,
2006-12-01,TAS1,0.0,0.0,
2007-01-01,TAS1,0.0,0.0,
2007-02-01,TAS1,0.0,0.0,
2007-03-01,TAS1,0.0,0.0,
2007-04-01,TAS1,0.0001649,0.0,
2007-05-01,TAS1,0.0001112,0.0,
2007-06-01,TAS1,0.0001586,0.0,
2007-07-01,TAS1,0.0003513,0.0,
2007-08-01,TAS1,0.0005081,0.0,
2007-09-01,TAS1,0.001502,0.0,
2007-10-01,TAS1,0.001973,0.0,
2007-11-01,TAS1,0.004249,0.0,
2007-12-01,TAS1,0.005745,0.0,
2008-01-01,TAS1,0.007797,0.0,
2008-02-01,TAS1,0.007691,0.0,
2008-03-01,TAS1,0.007798,0.0,
2008-04-01,TAS1,0.007257,0.0,
2008-05-01,TAS1,0.00595,0.0,
2008-06-01,TAS1,0.005975,0.0,
2008-07-01,TAS1,0.00606,0.0,
2008-08-01,TAS1,0.007672,0.0,
2008-09-01,TAS1,0.01872,0.0,
2008-10-01,TAS1,0.02467,0.0,
2008-11-01,TAS1,0.04791,0.0,
2008-12-01,TAS1,0.05451,0.0,
2009-01-01,TAS1,0.06117,0.0,
2009-02-01,TAS1,0.05124,0.0,
2009-03-01,TAS1,0.05592,0.0,
2009-04-01,TAS1,0.04445,0.0,
2009-05-01,TAS1,0.03259,0.0,
2009-06-01,TAS1,0.03363,0.0,
2009-07-01,TAS1,0.03092,0.0,
2009-08-01,TAS1,0.04628,0.0,
2009-09-01,TAS1,0.1207,0.0,
2009-10-01,TAS1,0.1914,0.0,
2009-11-01,TAS1,0.2703,0.0,
2009-12-01,TAS1,0.306,0.0,
2010-01-01,TAS1,0.3475,0.0,
2010-02-01,TAS1,0.3019,0.0,
2010-03-01,TAS1,0.3191,0.0,
2010-04-01,TAS1,0.265,0.0,
2010-05-01,TAS1,0.1959,0.0,
2010-06-01,TAS1,0.2041,0.0,
2010-07-01,TAS1,0.1772,0.0,
2010-08-01,TAS1,0.2121,0.0,
2010-09-01,TAS1,0.4392,0.0,
2010-10-01,TAS1,0.5667,0.0,
2010-11-01,TAS1,0.7216,0.0,
2010-12-01,TAS1,0.7526,0.0,
2011-01-01,TAS1,0.8006,0.0,
2011-02-01,TAS1,0.6825,0.0,
2011-03-01,TAS1,0.6856,0.0,
2011-04-01,TAS1,0.5421,0.0,
2011-05-01,TAS1,0.4141,0.0,
2011-06-01,TAS1,0.4664,0.0,
2011-07-01,TAS1,0.4035,0.0,
2011-08-01,TAS1,0.4831,0.0,
2011-09-01,TAS1,0.988,0.0,
2011-10-01,TAS1,1.264,0.0,
2011-11-01,TAS1,1.571,0.0,
2011-12-01,TAS1,1.629,0.0,
2012-01-01,TAS1,1.713,0.0,
2012-02-01,TAS1,1.442,0.0,
2012-03-01,TAS1,1.458,0.0,
2012-04-01,TAS1,1.165,0.0,
2012-05-01,TAS1,0.8961,0.0,
2012-06-01,TAS1,1.025,0.0,
2012-07-01,TAS1,0.9232,0.0,
2012-08-01,TAS1,1.163,0.0,
2012-09-01,TAS1,2.454,0.0,
2012-10-01,TAS1,3.255,0.0,
2012-11-01,TAS1,4.169,0.0,
2012-12-01,TAS1,4.618,0.0,
2013-01-01,TAS1,4.976,0.0,
2013-02-01,TAS1,4.226,0.0,
2013-03-01,TAS1,4.278,0.0,
2013-04-01,TAS1,3.358,0.0,
2013-05-01,TAS1,2.403,0.0,
2013-06-01,TAS1,2.381,0.0,
2013-07-01,TAS1,2.067,0.0,
2013-08-01,TAS1,2.484,0.0,
2013-09-01,TAS1,5.141,0.0,
2013-10-01,TAS1,6.848,0.0,
2013-11-01,TAS1,8.758,0.0,
2013-12-01,TAS1,9.25,0.0,
2014-01-01,TAS1,9.792,0.0,
2014-02-01,TAS1,8.024,0.0,
2014-03-01,TAS1,7.76,0.0,
2014-04-01,TAS1,5.862,0.0,
2014-05-01,TAS1,4.038,0.0,
2014-06-01,TAS1,3.92,0.0,
2014-07-01,TAS1,3.324,0.0,
2014-08-01,TAS1,3.961,0.0,
2014-09-01,TAS1,7.908,0.0,
2014-10-01,TAS1,9.843,0.0,
2014-11-01,TAS1,11.81,0.0,
2014-12-01,TAS1,12.01,0.0,
2015-01-01,TAS1,12.32,0.0,
2015-02-01,TAS1,9.838,0.0,
2015-03-01,TAS1,9.355,0.0,
2015-04-01,TAS1,6.975,0.0,
2015-05-01,TAS1,4.738,0.0,
2015-06-01,TAS1,4.545,0.0,
2015-07-01,TAS1,3.81,0.0,
2015-08-01,TAS1,4.446,0.0,
2015-09-01,TAS1,8.833,0.0,
2015-10-01,TAS1,10.98,0.0,
2015-11-01,TAS1,13.19,0.0,
2015-12-01,TAS1,13.41,0.0,
2016-01-01,TAS1,13.76,0.0,
2016-02-01,TAS1,10.97,0.0,
2016-03-01,TAS1,10.43,0.0,
2016-04-01,TAS1,7.786,0.0,
2016-05-01,TAS1,5.305,0.0,
2016-06-01,TAS1,5.098,0.0,
2016-07-01,TAS1,4.276,0.0,
2016-08-01,TAS1,5.0,0.0,
2016-09-01,TAS1,9.953,0.0,
2016-10-01,TAS1,12.36,0.0,
2016-11-01,TAS1,14.85,0.0,
2016-12-01,TAS1,15.61,710306.0,
2017-01-01,TAS1,16.14,1467370.0,
2017-02-01,TAS1,13.04,1252052.0,
2017-03-01,TAS1,11.81,1364815.0,
2017-04-01,TAS1,8.771,1116517.0,
2017-05-01,TAS1,5.747,605841.0,
2017-06-01,TAS1,5.729,611873.0,
2017-07-01,TAS1,3.299,406788.0,
2017-08-01,TAS1,2.917,311909.0,
2017-09-01,TAS1,10.56,755779.0,
2017-10-01,TAS1,14.05,989559.0,
2017-11-01,TAS1,16.93,1687433.0,
2017-12-01,TAS1,16.78,1534101.0,
2018-01-01,TAS1,17.01,1881057.0,
2018-02-01,TAS1,13.39,1184633.0,
2018-03-01,TAS1,13.47,1102007.0,10.33
2005-04-01,SA1,0.0,0.0,
2005-05-01,SA1,0.0,0.0,
2005-06-01,SA1,0.0,0.0,
2005-07-01,SA1,0.0,0.0,
2005-08-01,SA1,0.0,0.0,
2005-09-01,SA1,0.0,0.0,
2005-10-01,SA1,0.0,0.0,
2005-11-01,SA1,0.0,0.0,
2005-12-01,SA1,0.0,0.0,
2006-01-01,SA1,0.0,0.0,
2006-02-01,SA1,0.0,0.0,
2006-03-01,SA1,0.0,0.0,
2006-04-01,SA1,0.0,0.0,
2006-05-01,SA1,0.0,0.0,
2006-06-01,SA1,0.0,0.0,
2006-07-01,SA1,0.0,0.0,
2006-08-01,SA1,0.0,0.0,
2006-09-01,SA1,0.0,0.0,
2006-10-01,SA1,0.0,0.0,
2006-11-01,SA1,0.0,0.0,
2006-12-01,SA1,0.0,0.0,
2007-01-01,SA1,0.008972,0.0,
2007-02-01,SA1,0.01623,0.0,
2007-03-01,SA1,0.0268,0.0,
2007-04-01,SA1,0.02525,0.0,
2007-05-01,SA1,0.01961,0.0,
2007-06-01,SA1,0.02526,0.0,
2007-07-01,SA1,0.02768,0.0,
2007-08-01,SA1,0.04166,0.0,
2007-09-01,SA1,0.1064,0.0,
2007-10-01,SA1,0.1531,0.0,
2007-11-01,SA1,0.1804,0.0,
2007-12-01,SA1,0.2536,0.0,
2008-01-01,SA1,0.2987,0.0,
2008-02-01,SA1,0.2863,0.0,
2008-03-01,SA1,0.3113,0.0,
2008-04-01,SA1,0.2608,0.0,
2008-05-01,SA1,0.2094,0.0,
2008-06-01,SA1,0.2279,0.0,
2008-07-01,SA1,0.2026,0.0,
2008-08-01,SA1,0.249,0.0,
2008-09-01,SA1,0.5698,0.0,
2008-10-01,SA1,0.7282,0.0,
2008-11-01,SA1,0.7786,0.0,
2008-12-01,SA1,0.9899,0.0,
2009-01-01,SA1,1.094,0.0,
2009-02-01,SA1,1.009,0.0,
2009-03-01,SA1,1.091,0.0,
2009-04-01,SA1,0.8951,0.0,
2009-05-01,SA1,0.697,0.0,
2009-06-01,SA1,0.7364,0.0,
2009-07-01,SA1,0.6274,0.0,
2009-08-01,SA1,0.7459,0.0,
2009-09-01,SA1,1.689,0.0,
2009-10-01,SA1,2.146,0.0,
2009-11-01,SA1,2.283,0.0,
2009-12-01,SA1,2.874,0.0,
2010-01-01,SA1,3.122,0.0,
2010-02-01,SA1,2.791,0.0,
2010-03-01,SA1,2.931,0.0,
2010-04-01,SA1,2.383,0.0,
2010-05-01,SA1,1.857,0.0,
2010-06-01,SA1,1.99,0.0,
2010-07-01,SA1,1.7,0.0,
2010-08-01,SA1,2.021,0.0,
2010-09-01,SA1,4.628,0.0,
2010-10-01,SA1,5.775,0.0,
2010-11-01,SA1,6.202,0.0,
2010-12-01,SA1,7.931,0.0,
2011-01-01,SA1,8.955,0.0,
2011-02-01,SA1,8.457,0.0,
2011-03-01,SA1,9.49,0.0,
2011-04-01,SA1,8.083,0.0,
2011-05-01,SA1,6.763,0.0,
2011-06-01,SA1,8.274,0.0,
2011-07-01,SA1,7.18,0.0,
2011-08-01,SA1,8.658,0.0,
2011-09-01,SA1,20.1,0.0,
2011-10-01,SA1,25.46,0.0,
2011-11-01,SA1,26.76,0.0,
2011-12-01,SA1,32.76,0.0,
2012-01-01,SA1,34.61,0.0,
2012-02-01,SA1,29.86,0.0,
2012-03-01,SA1,30.07,0.0,
2012-04-01,SA1,23.29,0.0,
2012-05-01,SA1,17.58,0.0,
2012-06-01,SA1,18.93,0.0,
2012-07-01,SA1,15.5,0.0,
2012-08-01,SA1,17.52,0.0,
2012-09-01,SA1,37.39,0.0,
2012-10-01,SA1,44.06,0.0,
2012-11-01,SA1,43.74,0.0,
2012-12-01,SA1,53.72,0.0,
2013-01-01,SA1,55.91,0.0,
2013-02-01,SA1,47.53,0.0,
2013-03-01,SA1,47.2,0.0,
2013-04-01,SA1,35.93,0.0,
2013-05-01,SA1,25.99,0.0,
2013-06-01,SA1,26.16,0.0,
2013-07-01,SA1,21.22,0.0,
2013-08-01,SA1,23.99,0.0,
2013-09-01,SA1,51.94,0.0,
2013-10-01,SA1,62.19,0.0,
2013-11-01,SA1,62.55,0.0,
2013-12-01,SA1,75.17,0.0,
2014-01-01,SA1,79.33,0.0,
2014-02-01,SA1,66.65,0.0,
2014-03-01,SA1,65.43,0.0,
2014-04-01,SA1,49.26,0.0,
2014-05-01,SA1,35.27,0.0,
2014-06-01,SA1,35.06,0.0,
2014-07-01,SA1,28.07,0.0,
2014-08-01,SA1,31.09,0.0,
2014-09-01,SA1,65.66,0.0,
2014-10-01,SA1,76.24,0.0,
2014-11-01,SA1,74.29,0.0,
2014-12-01,SA1,87.46,0.0,
2015-01-01,SA1,89.87,0.0,
2015-02-01,SA1,75.52,0.0,
2015-03-01,SA1,74.09,0.0,
2015-04-01,SA1,55.81,0.0,
2015-05-01,SA1,39.89,0.0,
2015-06-01,SA1,39.68,0.0,
2015-07-01,SA1,31.71,0.0,
2015-08-01,SA1,35.04,0.0,
2015-09-01,SA1,73.75,0.0,
2015-10-01,SA1,85.2,0.0,
2015-11-01,SA1,82.92,0.0,
2015-12-01,SA1,97.41,0.0,
2016-01-01,SA1,99.93,0.0,
2016-02-01,SA1,83.96,0.0,
2016-03-01,SA1,82.3,0.0,
2016-04-01,SA1,61.96,0.0,
2016-05-01,SA1,44.23,0.0,
2016-06-01,SA1,43.93,0.0,
2016-07-01,SA1,35.05,0.0,
2016-08-01,SA1,38.83,0.0,
2016-09-01,SA1,81.79,0.0,
2016-10-01,SA1,94.53,0.0,
2016-11-01,SA1,92.24,0.0,
2016-12-01,SA1,110.3,10001574.0,
2017-01-01,SA1,117.3,12508667.0,
2017-02-01,SA1,96.2,20173275.0,
2017-03-01,SA1,93.31,16539333.0,
2017-04-01,SA1,66.72,7912953.0,
2017-05-01,SA1,54.98,6291020.0,
2017-06-01,SA1,52.21,5353322.0,
2017-07-01,SA1,25.77,3003820.0,
2017-08-01,SA1,20.64,2541716.0,
2017-09-01,SA1,87.97,5737389.0,
2017-10-01,SA1,108.4,7351560.0,
2017-11-01,SA1,106.5,10521872.0,
2017-12-01,SA1,125.3,10522240.0,
2018-01-01,SA1,124.5,31183312.0,
2018-02-01,SA1,108.2,15578760.0,
2018-03-01,SA1,108.2,8949111.0,83.19
